Wavelength (nm),basic,Acid,10-10,12-8,14-6,16-4,18-2
850.00,-0.006864,-0.006014,0.001156,-0.008940,0.000464,-0.012027,-0.001437
849.50,-0.009728,-0.009293,-0.003450,-0.011273,-0.002959,-0.009757,0.000021
849.00,-0.010445,-0.007858,-0.002210,-0.012800,-0.000130,-0.011287,0.000032
848.50,-0.010204,-0.011264,0.000805,-0.010761,-0.001872,-0.008514,-0.001924
848.00,-0.008162,-0.011543,0.000741,-0.004728,0.000938,-0.008525,0.002272
847.50,-0.008691,-0.009547,0.002408,-0.006480,0.003668,-0.006003,-0.000505
847.00,-0.007820,-0.006326,0.002884,-0.005961,0.005042,-0.003925,0.002095
846.50,-0.007685,-0.010493,0.002039,-0.007954,-0.001160,-0.007928,0.000095
846.00,-0.008906,-0.010086,-0.001638,-0.011800,-0.000988,-0.011634,-0.004645
845.50,-0.008744,-0.007956,0.000090,-0.008268,0.002516,-0.010378,0.000059
845.00,-0.009913,-0.008162,0.000489,-0.010439,0.001015,-0.007031,-0.000177
844.50,-0.008155,-0.006288,-0.000289,-0.008103,0.000911,-0.010368,0.001631
844.00,-0.012891,-0.008926,0.002433,-0.010029,-0.000765,-0.010039,0.002098
843.50,-0.005212,-0.006687,0.001074,-0.009812,-0.000317,-0.008314,0.002575
843.00,-0.012853,-0.014614,-0.008203,-0.016766,-0.007175,-0.016789,-0.005320
842.50,-0.013947,-0.008885,-0.000619,-0.013784,0.000008,-0.012717,-0.003543
842.00,-0.010609,-0.009468,-0.000144,-0.008207,0.002269,-0.006240,0.000122
841.50,-0.012572,-0.011247,-0.003010,-0.013298,-0.001586,-0.013196,-0.003093
841.00,-0.008368,-0.009027,-0.001613,-0.009061,0.000626,-0.010213,0.000715
840.50,-0.009447,-0.011000,0.001180,-0.010211,0.002031,-0.010814,-0.000105
840.00,-0.010771,-0.014608,-0.000364,-0.010034,-0.001577,-0.011623,-0.001919
839.50,-0.010503,-0.010782,-0.000619,-0.012398,0.001795,-0.013924,-0.001819
839.00,-0.009607,-0.009785,-0.005996,-0.008812,-0.001881,-0.010092,0.000350
838.50,-0.010131,-0.009031,-0.002253,-0.011573,-0.002153,-0.008379,-0.001565
838.00,-0.007550,-0.008176,-0.000285,-0.008759,0.002905,-0.005696,0.001174
837.50,-0.010956,-0.011027,-0.001233,-0.011145,-0.000663,-0.011862,-0.001895
837.00,-0.013036,-0.013008,-0.002458,-0.011703,-0.003999,-0.013163,-0.002620
836.50,-0.011191,-0.012476,-0.002300,-0.014623,-0.003152,-0.010889,-0.003465
836.00,-0.008910,-0.010642,-0.000424,-0.011483,0.002138,-0.008285,0.000658
835.50,-0.008036,-0.010335,0.000525,-0.011058,-0.000209,-0.008863,0.001224
835.00,-0.011389,-0.012543,-0.001984,-0.012273,0.000119,-0.011290,-0.000786
834.50,-0.012639,-0.013477,-0.001178,-0.014906,-0.000914,-0.013715,-0.002042
834.00,-0.011937,-0.013891,-0.001528,-0.013748,-0.000386,-0.013720,-0.001490
833.50,-0.011429,-0.012516,-0.000958,-0.011868,-0.001147,-0.011348,0.000374
833.00,-0.009069,-0.009986,-0.003183,-0.009461,0.001537,-0.006933,-0.000001
832.50,-0.010237,-0.009186,0.000890,-0.010752,0.000439,-0.008143,0.000866
832.00,-0.007832,-0.008752,-0.000451,-0.009286,0.002365,-0.008918,-0.000895
831.50,-0.011318,-0.010902,-0.001830,-0.012266,0.000693,-0.009620,-0.002197
831.00,-0.009975,-0.011624,-0.002730,-0.010336,0.000804,-0.011286,-0.002105
830.50,-0.012065,-0.012034,-0.003200,-0.008202,-0.001158,-0.010939,-0.002072
830.00,-0.010124,-0.011629,0.000585,-0.012234,0.000332,-0.011600,0.001704
829.50,-0.013011,-0.013245,-0.001909,-0.014107,-0.002143,-0.012716,-0.002427
829.00,-0.011249,-0.011883,0.000957,-0.010338,-0.000006,-0.009393,-0.000903
828.50,-0.011604,-0.011095,-0.000976,-0.011951,0.000655,-0.011730,0.000139
828.00,-0.012521,-0.013976,-0.001534,-0.013654,-0.000570,-0.013098,-0.001352
827.50,-0.012587,-0.014060,-0.000225,-0.013495,-0.000293,-0.013243,0.000239
827.00,-0.008954,-0.010420,0.001686,-0.009984,-0.000261,-0.009863,0.001313
826.50,-0.011017,-0.011968,-0.001638,-0.011895,-0.002700,-0.012408,0.000204
826.00,-0.009350,-0.011125,-0.000289,-0.011279,-0.000443,-0.011050,-0.000461
825.50,-0.010338,-0.010690,0.002816,-0.010908,0.000138,-0.012121,-0.001239
825.00,-0.012666,-0.013117,-0.003636,-0.014689,-0.001628,-0.012743,-0.003189
824.50,-0.012623,-0.012308,-0.000841,-0.012269,-0.000280,-0.011720,-0.000993
824.00,-0.011824,-0.012729,-0.001183,-0.012638,-0.000395,-0.012403,-0.001236
823.50,-0.012261,-0.012607,-0.000592,-0.013243,-0.000522,-0.012677,-0.000961
823.00,-0.013687,-0.014150,-0.000807,-0.013979,0.000021,-0.013970,-0.000839
822.50,-0.012482,-0.013964,-0.000975,-0.013848,-0.000189,-0.012534,-0.000322
822.00,-0.010888,-0.010645,-0.001092,-0.010490,0.000693,-0.009728,-0.000102
821.50,-0.011936,-0.011543,-0.003159,-0.011308,-0.001565,-0.010342,-0.001499
821.00,-0.009201,-0.009969,0.000443,-0.011919,0.002703,-0.010357,-0.000390
820.50,-0.011461,-0.010379,-0.000761,-0.010158,-0.001269,-0.010870,-0.001895
820.00,-0.008350,-0.010427,0.000470,-0.008231,0.000473,-0.009137,0.003346
819.50,-0.009498,-0.009052,0.000533,-0.009447,0.001343,-0.009283,-0.000547
819.00,-0.008768,-0.009888,-0.001009,-0.008794,0.001295,-0.007618,0.001195
818.50,-0.006810,-0.006209,0.002956,-0.007751,0.003245,-0.009302,0.002321
818.00,-0.009029,-0.009621,-0.001624,-0.010672,-0.000028,-0.008155,-0.000078
817.50,-0.009314,-0.008012,0.001241,-0.007709,-0.002385,-0.008832,-0.000977
817.00,-0.008481,-0.011289,-0.002488,-0.011640,-0.001325,-0.008782,-0.001546
816.50,-0.012401,-0.012532,-0.004962,-0.012960,-0.005003,-0.014799,-0.002834
816.00,-0.009071,-0.011764,-0.002281,-0.011362,0.004365,-0.011053,-0.002214
815.50,-0.006556,-0.011987,-0.001839,-0.008307,-0.000783,-0.008063,-0.004017
815.00,-0.007930,-0.005707,-0.000294,-0.006611,0.000227,-0.008667,0.003437
814.50,-0.009350,-0.011045,0.000479,-0.011666,-0.001609,-0.008063,-0.003112
814.00,-0.013916,-0.009689,-0.005890,-0.013212,-0.004685,-0.013117,-0.005063
813.50,-0.011516,-0.012762,-0.001848,-0.011622,-0.003243,-0.010780,-0.003345
813.00,-0.008601,-0.008948,-0.001549,-0.008981,0.000541,-0.006647,-0.000968
812.50,-0.014230,-0.012519,-0.007386,-0.012148,-0.008883,-0.015841,-0.004682
812.00,-0.010829,-0.009572,-0.001096,-0.011176,0.000740,-0.009653,0.000603
811.50,-0.005104,-0.007811,0.000055,-0.007322,0.001076,-0.006933,0.001622
811.00,-0.010979,-0.014779,-0.003018,-0.011806,-0.003832,-0.014362,-0.001416
810.50,-0.010577,-0.008786,-0.000124,-0.010197,-0.005587,-0.012028,-0.004106
810.00,-0.004925,-0.009008,0.001286,-0.007335,0.003049,-0.006116,0.004275
809.50,-0.005050,-0.006165,0.002163,-0.008118,0.001168,-0.005722,0.003167
809.00,-0.009561,-0.010174,-0.005221,-0.014009,-0.005644,-0.012391,-0.003451
808.50,-0.010233,-0.008745,0.002037,-0.009066,-0.002958,-0.013335,0.000206
808.00,-0.010044,-0.012848,-0.001128,-0.012621,-0.001526,-0.010991,-0.003349
807.50,-0.012297,-0.012664,-0.003004,-0.013723,-0.007625,-0.012158,-0.003978
807.00,-0.010795,-0.013754,-0.001617,-0.010488,-0.002973,-0.011167,-0.003788
806.50,-0.009470,-0.009246,-0.000702,-0.009565,-0.001811,-0.009706,-0.000285
806.00,-0.009195,-0.008649,-0.003112,-0.012017,-0.002414,-0.008989,-0.001444
805.50,-0.004887,-0.007127,-0.000079,-0.010347,0.000096,-0.011436,-0.000754
805.00,-0.006406,-0.006804,0.001391,-0.007522,0.002465,-0.004478,0.001176
804.50,-0.006771,-0.008307,0.003521,-0.008556,0.004483,-0.007525,0.000873
804.00,-0.007280,-0.005206,0.000110,-0.008580,0.001466,-0.009368,0.001861
803.50,-0.009527,-0.009999,-0.005043,-0.013184,-0.000525,-0.010703,-0.001058
803.00,-0.008473,-0.007915,0.001243,-0.010638,-0.000710,-0.008792,-0.002362
802.50,-0.012256,-0.013405,-0.005995,-0.012007,-0.006702,-0.010628,-0.004400
802.00,-0.004759,-0.006241,-0.000519,-0.010232,0.001658,-0.006817,0.005763
801.50,-0.010344,-0.012562,-0.002558,-0.011852,-0.004042,-0.009643,-0.002562
801.00,-0.005970,-0.006063,0.001731,-0.007451,0.000634,-0.007200,0.000206
800.50,-0.010203,-0.008972,-0.000273,-0.007976,-0.001332,-0.009627,-0.001461
800.00,-0.005483,-0.005107,0.000982,-0.005603,0.001098,-0.007870,0.000603
799.50,-0.006871,-0.009714,-0.001517,-0.007636,0.002629,-0.008817,0.000526
799.00,-0.008039,-0.010971,0.000372,-0.009285,-0.001034,-0.010168,-0.000867
798.50,-0.006817,-0.006555,0.001745,-0.004423,0.004138,-0.004646,-0.000500
798.00,-0.007593,-0.008069,0.001157,-0.006727,-0.000434,-0.006993,-0.001494
797.50,-0.009524,-0.009857,-0.001180,-0.008846,-0.002077,-0.009212,-0.003043
797.00,-0.006806,-0.008261,-0.000232,-0.009496,-0.000063,-0.008318,-0.000915
796.50,-0.008329,-0.006464,-0.000446,-0.007177,0.000960,-0.006938,-0.001135
796.00,-0.006885,-0.005177,0.001790,-0.005695,0.001125,-0.006197,0.001591
795.50,-0.005573,-0.008160,0.003538,-0.006777,0.000545,-0.005408,-0.001306
795.00,-0.008403,-0.009569,-0.000900,-0.008161,-0.001590,-0.009629,-0.001720
794.50,-0.008048,-0.008314,0.000946,-0.008862,0.000002,-0.009203,-0.000438
794.00,-0.009107,-0.007991,-0.004153,-0.009164,-0.001043,-0.012077,-0.004557
793.50,-0.007130,-0.006876,0.000105,-0.006912,0.000560,-0.005253,0.001574
793.00,-0.009075,-0.008313,-0.000552,-0.008262,0.000460,-0.010303,-0.001697
792.50,-0.007331,-0.010425,-0.004880,-0.011407,-0.000211,-0.010370,-0.001595
792.00,-0.005611,-0.010559,0.002469,-0.009943,-0.000817,-0.007906,0.001618
791.50,-0.007940,-0.008602,0.000335,-0.008082,0.002153,-0.007392,-0.001312
791.00,-0.004789,-0.005639,0.001687,-0.005612,0.002652,-0.005935,-0.002193
790.50,-0.004634,-0.007568,0.001209,-0.006747,0.000811,-0.008586,-0.001016
790.00,-0.006852,-0.005702,0.000180,-0.007474,-0.000304,-0.006485,-0.001896
789.50,-0.008439,-0.009169,-0.001109,-0.010733,0.000835,-0.009150,-0.001668
789.00,-0.005264,-0.011182,-0.001189,-0.008488,0.001002,-0.009392,-0.000391
788.50,-0.007276,-0.006484,-0.001493,-0.008978,0.000174,-0.006912,-0.002007
788.00,-0.008511,-0.007377,-0.001233,-0.008811,0.003115,-0.006447,-0.000756
787.50,-0.006041,-0.008161,0.001864,-0.005601,0.001878,-0.005245,0.002563
787.00,-0.006932,-0.009650,0.000420,-0.008580,0.002141,-0.007019,-0.001408
786.50,-0.010203,-0.009571,-0.002270,-0.011809,-0.001775,-0.009513,-0.004865
786.00,-0.003449,-0.006299,0.000966,-0.005851,0.003826,-0.004458,0.005144
785.50,-0.009375,-0.012129,-0.000162,-0.010511,-0.002335,-0.010145,-0.002348
785.00,-0.010866,-0.011333,-0.004829,-0.009921,-0.000589,-0.008157,-0.001079
784.50,-0.002225,-0.005485,0.002851,-0.004469,0.004939,-0.005831,0.003607
784.00,-0.005542,-0.007070,0.000489,-0.006353,0.002221,-0.006266,-0.000738
783.50,-0.003766,-0.003863,0.001652,-0.007937,0.003089,-0.004514,0.001900
783.00,-0.006627,-0.008569,0.001318,-0.008230,-0.001925,-0.008130,0.000587
782.50,-0.004320,-0.008918,0.000576,-0.007271,-0.000154,-0.008946,0.001492
782.00,-0.005105,-0.008501,0.000411,-0.006998,-0.000032,-0.008911,0.001457
781.50,-0.005283,-0.007062,-0.000072,-0.006193,0.000747,-0.008008,0.000596
781.00,-0.006755,-0.006362,-0.001624,-0.007518,0.000323,-0.007094,-0.002836
780.50,-0.003575,-0.004829,0.003498,-0.003790,0.001740,-0.007397,0.003062
780.00,-0.003306,-0.007109,0.000268,-0.005707,-0.000235,-0.005274,0.003169
779.50,-0.004385,-0.007539,0.001534,-0.004984,0.002308,-0.005707,-0.000781
779.00,-0.007391,-0.008074,0.001444,-0.007393,-0.001635,-0.008940,-0.001026
778.50,-0.006990,-0.007543,-0.002994,-0.010251,-0.001281,-0.007749,-0.002384
778.00,-0.006134,-0.007195,-0.000903,-0.008554,-0.002514,-0.010009,-0.001195
777.50,-0.005734,-0.006360,0.001578,-0.006819,0.000973,-0.009760,0.001209
777.00,-0.007380,-0.006902,-0.001221,-0.010091,0.001039,-0.007571,-0.000462
776.50,-0.006856,-0.007569,-0.000496,-0.009219,0.001169,-0.007757,0.001260
776.00,-0.008688,-0.009697,-0.002310,-0.006989,0.001800,-0.008853,0.000696
775.50,-0.006237,-0.007351,-0.000842,-0.009543,0.001149,-0.007947,0.001592
775.00,-0.008430,-0.006182,0.000839,-0.007928,-0.000159,-0.008470,-0.001141
774.50,-0.003018,-0.006471,0.003750,-0.006626,0.000693,-0.006768,0.001881
774.00,-0.004758,-0.005908,0.001250,-0.004150,-0.001783,-0.005359,-0.001671
773.50,-0.008802,-0.007437,-0.001198,-0.007065,-0.001386,-0.008686,0.000051
773.00,-0.008031,-0.008611,-0.000162,-0.008911,-0.000359,-0.006879,-0.000656
772.50,-0.008323,-0.009138,0.000810,-0.010068,-0.003679,-0.007620,-0.001659
772.00,-0.011902,-0.011804,-0.003574,-0.011497,-0.002528,-0.010898,-0.004690
771.50,-0.006326,-0.005382,-0.002072,-0.006463,0.003670,-0.005643,-0.000032
771.00,-0.007264,-0.007227,-0.000275,-0.009725,0.002869,-0.009431,0.000097
770.50,-0.009868,-0.013631,-0.003460,-0.013585,-0.003114,-0.012987,-0.003981
770.00,-0.006025,-0.008168,-0.002293,-0.008195,0.000031,-0.007749,0.002034
769.50,-0.006392,-0.007660,0.001441,-0.004454,-0.000797,-0.007574,0.001137
769.00,-0.005336,-0.004569,0.001293,-0.005997,-0.000253,-0.005737,0.001314
768.50,-0.005778,-0.007833,0.000236,-0.007505,-0.000435,-0.007954,0.001036
768.00,-0.005309,-0.006071,0.000947,-0.005441,0.001779,-0.006757,0.002094
767.50,-0.006725,-0.008920,-0.000138,-0.007372,0.000720,-0.006356,0.001173
767.00,-0.006747,-0.007413,-0.000722,-0.005668,-0.002329,-0.006461,-0.000351
766.50,-0.007153,-0.005597,-0.002364,-0.007710,0.000563,-0.007716,-0.002039
766.00,-0.007409,-0.008831,-0.001124,-0.009336,0.000015,-0.011009,0.000669
765.50,-0.008135,-0.009853,-0.001940,-0.007667,-0.000911,-0.012375,-0.003290
765.00,-0.008830,-0.010333,-0.001311,-0.008291,0.000205,-0.010461,-0.002064
764.50,-0.008247,-0.011322,0.000933,-0.008319,0.000151,-0.009104,-0.002575
764.00,-0.008753,-0.009873,0.000565,-0.007815,0.001471,-0.009180,0.000461
763.50,-0.005245,-0.007264,-0.000739,-0.007789,0.000481,-0.008323,0.000112
763.00,-0.008406,-0.006239,0.000557,-0.007747,-0.000020,-0.005467,0.000298
762.50,-0.006435,-0.007990,0.002477,-0.006015,0.000196,-0.008097,0.001280
762.00,-0.009071,-0.009393,-0.002269,-0.007915,-0.003534,-0.010115,-0.002527
761.50,-0.006001,-0.007412,-0.000162,-0.006835,-0.000634,-0.008701,0.000905
761.00,-0.006860,-0.009351,-0.000537,-0.009581,-0.001472,-0.007323,-0.002319
760.50,-0.006714,-0.005818,-0.000650,-0.009187,0.002065,-0.007248,0.000854
760.00,-0.005628,-0.008138,0.000744,-0.007044,0.000824,-0.007947,-0.000142
759.50,-0.006828,-0.010316,-0.002528,-0.010230,-0.001225,-0.009453,-0.000323
759.00,-0.005536,-0.009061,-0.000257,-0.006605,-0.000201,-0.007890,0.000924
758.50,-0.006384,-0.006496,-0.001556,-0.010401,-0.000970,-0.009500,-0.002013
758.00,-0.003568,-0.005434,0.003198,-0.004581,0.001220,-0.005139,0.002300
757.50,-0.008011,-0.007995,0.000463,-0.007873,0.000109,-0.009245,-0.000930
757.00,-0.006617,-0.008106,-0.002710,-0.008883,-0.002623,-0.008964,-0.000991
756.50,-0.005639,-0.009183,-0.001634,-0.009383,-0.002256,-0.009502,-0.002343
756.00,-0.006873,-0.008442,-0.001604,-0.009334,-0.001636,-0.008195,-0.000084
755.50,-0.007521,-0.008955,-0.001263,-0.008357,-0.000639,-0.006635,-0.001686
755.00,-0.004338,-0.008423,0.000041,-0.006299,-0.000350,-0.007467,-0.000519
754.50,-0.006684,-0.005958,0.000507,-0.006438,-0.000278,-0.007298,0.001077
754.00,-0.006770,-0.005608,-0.000514,-0.008165,0.000002,-0.009446,-0.000912
753.50,-0.006514,-0.006284,-0.000466,-0.006924,0.001438,-0.006212,-0.000547
753.00,-0.004681,-0.007918,-0.000758,-0.004840,0.000327,-0.006619,-0.000931
752.50,-0.004197,-0.005794,0.000388,-0.006563,0.000049,-0.008075,-0.000052
752.00,-0.006640,-0.012639,-0.001522,-0.009581,-0.002180,-0.010149,-0.003907
751.50,-0.004058,-0.006860,-0.001970,-0.006048,-0.000404,-0.004752,-0.001290
751.00,-0.004502,-0.005128,0.001234,-0.004605,0.001942,-0.005460,0.000905
750.50,-0.004971,-0.008456,0.000755,-0.005666,-0.000180,-0.005763,0.000597
750.00,-0.005826,-0.008698,-0.001310,-0.005442,0.000159,-0.008192,-0.000227
749.50,-0.006157,-0.006992,-0.003454,-0.007158,0.001464,-0.008278,0.000727
749.00,-0.003903,-0.004791,0.001948,-0.004587,0.000922,-0.005451,0.001117
748.50,-0.005822,-0.009305,-0.002616,-0.009146,-0.002667,-0.007145,-0.002925
748.00,-0.006710,-0.007605,-0.001657,-0.008390,0.001583,-0.007724,-0.000517
747.50,-0.005246,-0.006778,0.001544,-0.005556,-0.000303,-0.003237,0.002267
747.00,-0.004445,-0.006623,0.000459,-0.007744,0.000752,-0.007725,-0.002005
746.50,-0.002855,-0.005732,-0.000920,-0.005453,0.001080,-0.005991,0.000598
746.00,-0.003909,-0.005483,0.001906,-0.007141,0.002254,-0.007816,0.001676
745.50,-0.004335,-0.008324,-0.000564,-0.004656,0.001307,-0.006373,0.001708
745.00,-0.007008,-0.007719,0.001387,-0.006294,0.000030,-0.007816,-0.001166
744.50,-0.004795,-0.009134,0.001263,-0.007697,0.000327,-0.007826,-0.001071
744.00,-0.007583,-0.007395,-0.001770,-0.008782,-0.000218,-0.007821,-0.001616
743.50,-0.003399,-0.008252,0.000555,-0.006808,0.000736,-0.006968,-0.001678
743.00,-0.006427,-0.008299,-0.000526,-0.008903,0.001868,-0.006101,0.001918
742.50,-0.005231,-0.006026,0.000030,-0.004719,0.001275,-0.005598,0.000539
742.00,-0.006648,-0.007310,-0.000031,-0.006193,-0.001535,-0.007928,-0.000617
741.50,-0.005272,-0.007779,-0.002581,-0.005530,-0.000518,-0.005451,0.000642
741.00,-0.006109,-0.006536,0.000024,-0.005853,-0.000956,-0.007293,-0.000172
740.50,-0.005870,-0.009160,-0.001261,-0.008689,-0.001742,-0.007535,-0.002220
740.00,-0.002948,-0.007495,-0.000265,-0.007193,0.000112,-0.008498,-0.002137
739.50,-0.007297,-0.007052,0.000079,-0.006211,-0.000127,-0.006620,-0.000739
739.00,-0.006020,-0.005933,0.001332,-0.006698,0.002228,-0.008062,-0.000447
738.50,-0.006383,-0.007621,0.001553,-0.005376,-0.000630,-0.005279,-0.000465
738.00,-0.007087,-0.006119,-0.000352,-0.006805,-0.000041,-0.008047,-0.002135
737.50,-0.006410,-0.008572,-0.001447,-0.007717,-0.000363,-0.008607,-0.001302
737.00,-0.004805,-0.008482,0.000187,-0.004926,-0.000092,-0.007523,0.000692
736.50,-0.002881,-0.006668,0.000688,-0.005304,0.000108,-0.005423,-0.000368
736.00,-0.002357,-0.006240,-0.000024,-0.006697,0.000458,-0.004144,0.001853
735.50,-0.006705,-0.008205,-0.002400,-0.007360,-0.001313,-0.008829,-0.001555
735.00,-0.004525,-0.005662,0.000597,-0.005835,0.001080,-0.006490,-0.000057
734.50,-0.004847,-0.009638,-0.001932,-0.008281,-0.001379,-0.007741,-0.002573
734.00,-0.004245,-0.007149,0.000161,-0.007375,-0.001829,-0.007337,-0.000373
733.50,-0.006065,-0.007103,-0.001703,-0.007254,-0.000666,-0.006876,0.000408
733.00,-0.003294,-0.003725,0.001469,-0.003143,0.002142,-0.004769,0.001598
732.50,-0.004752,-0.007142,-0.000318,-0.007069,-0.000111,-0.006285,-0.000924
732.00,-0.007158,-0.009508,-0.001507,-0.009219,-0.001735,-0.007901,-0.001211
731.50,-0.005574,-0.007782,0.000907,-0.007424,-0.000309,-0.006170,-0.000354
731.00,-0.005908,-0.007106,0.000791,-0.007391,0.000101,-0.006761,0.001338
730.50,-0.006501,-0.007909,-0.003965,-0.008320,-0.001743,-0.008002,-0.001097
730.00,-0.004284,-0.006272,0.000184,-0.006520,-0.000326,-0.004084,-0.001646
729.50,-0.005355,-0.008323,-0.001657,-0.005822,-0.000055,-0.005986,0.000432
729.00,-0.004089,-0.005404,0.000414,-0.005888,0.002967,-0.005288,-0.000172
728.50,-0.003701,-0.004769,0.000437,-0.006776,0.001258,-0.006903,0.000737
728.00,-0.005303,-0.004855,0.000298,-0.006387,0.001860,-0.004403,-0.000290
727.50,-0.004510,-0.006943,-0.000938,-0.006333,0.000000,-0.007342,-0.001168
727.00,-0.005840,-0.009175,-0.001202,-0.007601,-0.002106,-0.007622,-0.001829
726.50,-0.005362,-0.006476,-0.000588,-0.008451,-0.001446,-0.006517,-0.000305
726.00,-0.007599,-0.007138,-0.001447,-0.007508,-0.001162,-0.006767,0.000610
725.50,-0.006508,-0.008036,-0.000285,-0.009432,0.000107,-0.006508,-0.003548
725.00,-0.003798,-0.007764,0.000744,-0.005013,-0.000597,-0.004882,-0.000658
724.50,-0.004970,-0.007252,-0.000771,-0.006692,-0.001137,-0.005248,-0.000530
724.00,-0.004406,-0.007588,-0.000123,-0.007060,0.000611,-0.006391,-0.001085
723.50,-0.003271,-0.005042,0.001429,-0.006242,-0.001348,-0.005235,0.000797
723.00,-0.005273,-0.006559,-0.002188,-0.008126,-0.001358,-0.006624,-0.001315
722.50,-0.003997,-0.005782,0.000404,-0.006244,0.000139,-0.006288,-0.000808
722.00,-0.007410,-0.006042,-0.000754,-0.006934,-0.001460,-0.007351,-0.002840
721.50,-0.003514,-0.006455,-0.000670,-0.005440,-0.001129,-0.004112,0.001101
721.00,-0.002983,-0.004317,0.002227,-0.004594,0.002809,-0.004391,0.000847
720.50,-0.005496,-0.006085,-0.000482,-0.008495,-0.001562,-0.007037,-0.002629
720.00,-0.005088,-0.004962,0.000626,-0.006417,-0.000115,-0.005510,-0.000187
719.50,-0.005215,-0.005219,-0.001248,-0.006459,0.000253,-0.005262,0.000510
719.00,-0.006804,-0.006912,-0.001911,-0.006568,-0.002771,-0.008069,-0.002403
718.50,-0.003533,-0.006620,-0.001037,-0.007674,0.000492,-0.005237,-0.000724
718.00,-0.007946,-0.009279,-0.001697,-0.008622,-0.000064,-0.005692,-0.001621
717.50,-0.004817,-0.007487,-0.004984,-0.006555,-0.001427,-0.006100,-0.000804
717.00,-0.005736,-0.006524,-0.000590,-0.006256,-0.001575,-0.006038,-0.000123
716.50,-0.003456,-0.004439,-0.000426,-0.007020,0.001969,-0.005108,-0.000159
716.00,-0.003909,-0.006800,0.000888,-0.004812,-0.000142,-0.005105,-0.001168
715.50,-0.005811,-0.005684,-0.001044,-0.005565,-0.000696,-0.006413,-0.000997
715.00,-0.004952,-0.005899,0.001751,-0.004562,0.000940,-0.006318,0.001130
714.50,-0.005630,-0.007101,-0.000871,-0.006523,-0.000541,-0.006360,-0.002577
714.00,-0.004478,-0.006217,-0.000158,-0.006762,0.000443,-0.004353,0.000715
713.50,-0.003331,-0.005766,0.001678,-0.005607,0.001810,-0.004774,0.000012
713.00,-0.004109,-0.005693,-0.001390,-0.005699,-0.002041,-0.005778,-0.000892
712.50,-0.005741,-0.006717,-0.000444,-0.005263,-0.000889,-0.006901,-0.000331
712.00,-0.004377,-0.006062,0.000151,-0.005496,-0.000288,-0.006206,0.001418
711.50,-0.004453,-0.004655,0.002181,-0.003390,0.002151,-0.004778,0.000696
711.00,-0.005668,-0.006160,0.000011,-0.007686,0.001146,-0.006102,-0.000453
710.50,-0.004938,-0.005611,0.000790,-0.005158,-0.001119,-0.006087,0.000183
710.00,-0.003991,-0.005133,-0.000600,-0.005522,0.001304,-0.004467,0.001125
709.50,-0.003072,-0.005162,-0.000550,-0.003982,0.000887,-0.005267,0.000837
709.00,-0.004612,-0.007220,0.000509,-0.006616,-0.000304,-0.007266,-0.001407
708.50,-0.003464,-0.005610,0.000814,-0.006478,0.001844,-0.007947,0.000255
708.00,-0.003677,-0.006092,0.000363,-0.004272,-0.000710,-0.004950,-0.000702
707.50,-0.003910,-0.005493,0.000811,-0.004186,0.000689,-0.006477,0.000064
707.00,-0.005789,-0.005982,-0.001086,-0.004613,-0.001067,-0.005739,0.000424
706.50,-0.003559,-0.004398,0.000496,-0.005646,0.000094,-0.005660,-0.000266
706.00,-0.003259,-0.004570,-0.001558,-0.003933,0.000308,-0.005500,-0.000019
705.50,-0.004040,-0.003711,0.000108,-0.005875,0.000402,-0.005181,-0.000185
705.00,-0.003882,-0.005270,-0.000369,-0.005393,-0.000004,-0.004199,0.000545
704.50,-0.002449,-0.005030,0.001913,-0.003671,0.000889,-0.003355,0.000445
704.00,-0.003450,-0.004839,-0.000041,-0.005200,-0.000019,-0.003994,0.000642
703.50,-0.003319,-0.004521,0.000391,-0.005360,0.001341,-0.004792,0.000889
703.00,-0.003503,-0.006472,0.000044,-0.006807,0.000330,-0.004541,-0.000183
702.50,-0.004472,-0.005666,-0.001713,-0.007140,0.000170,-0.005940,-0.001978
702.00,-0.004538,-0.006115,-0.001068,-0.005106,0.000018,-0.006193,-0.001096
701.50,-0.003580,-0.005591,-0.000143,-0.005223,-0.000237,-0.004974,-0.000379
701.00,-0.003420,-0.004080,0.000762,-0.003751,0.000937,-0.004122,0.001300
700.50,-0.003187,-0.005388,-0.000161,-0.004930,0.000740,-0.004465,0.000324
700.00,-0.003975,-0.004757,-0.000951,-0.004059,-0.000255,-0.005590,-0.000280
699.50,-0.004676,-0.005863,-0.000367,-0.005174,-0.000545,-0.005249,-0.000665
699.00,-0.003918,-0.005569,-0.000420,-0.005521,-0.000084,-0.004763,-0.000898
698.50,-0.003520,-0.005148,0.000320,-0.004038,0.000337,-0.004473,-0.000577
698.00,-0.003187,-0.004530,0.000006,-0.004797,0.000967,-0.004702,0.000184
697.50,-0.003119,-0.004200,0.000591,-0.003961,0.000122,-0.004639,-0.000428
697.00,-0.003901,-0.006196,-0.000748,-0.005079,0.000392,-0.004847,-0.001191
696.50,-0.003170,-0.004533,-0.000024,-0.005142,0.000856,-0.005028,-0.000635
696.00,-0.003764,-0.005440,-0.000781,-0.004266,0.000807,-0.004871,-0.000749
695.50,-0.002741,-0.004148,-0.000258,-0.004326,0.001016,-0.003462,0.000071
695.00,-0.004106,-0.004425,-0.001733,-0.004790,-0.000508,-0.005182,-0.000826
694.50,-0.002175,-0.004757,0.000905,-0.004949,0.000843,-0.004963,-0.000069
694.00,-0.004068,-0.004573,0.000416,-0.004418,-0.000758,-0.005298,-0.000731
693.50,-0.003551,-0.005898,-0.001103,-0.005310,-0.000716,-0.005012,-0.001817
693.00,-0.004511,-0.006107,-0.000554,-0.005049,-0.000697,-0.005858,-0.000878
692.50,-0.003655,-0.005289,-0.000790,-0.004887,-0.000004,-0.004049,-0.001063
692.00,-0.003355,-0.004253,-0.000280,-0.004504,-0.000112,-0.003963,0.000215
691.50,-0.002800,-0.003968,0.000484,-0.004410,0.001185,-0.004246,0.000873
691.00,-0.005423,-0.006006,-0.000737,-0.005109,-0.000978,-0.005500,-0.001082
690.50,-0.003520,-0.004681,-0.000567,-0.004166,-0.000396,-0.004775,0.000197
690.00,-0.002877,-0.005768,0.000020,-0.004727,-0.000401,-0.005098,-0.000644
689.50,-0.003234,-0.005460,-0.000202,-0.005407,-0.000120,-0.005896,-0.000462
689.00,-0.004048,-0.004704,-0.000012,-0.004592,-0.000607,-0.004603,0.000106
688.50,-0.003936,-0.005501,-0.000824,-0.005202,0.000335,-0.005446,-0.000768
688.00,-0.002614,-0.004973,0.000044,-0.004853,0.000441,-0.004212,-0.000473
687.50,-0.003679,-0.004982,-0.000851,-0.003491,0.000511,-0.004185,-0.000068
687.00,-0.002610,-0.004230,0.000315,-0.004403,0.000523,-0.004214,0.000843
686.50,-0.003907,-0.005813,-0.000805,-0.004319,0.000229,-0.004733,-0.001531
686.00,-0.001827,-0.003577,0.001104,-0.003071,0.000913,-0.002978,0.001052
685.50,-0.003620,-0.005151,-0.000500,-0.005617,-0.000918,-0.004167,-0.000692
685.00,-0.003779,-0.004737,-0.000003,-0.004564,0.000525,-0.004229,-0.000140
684.50,-0.003094,-0.004110,-0.000835,-0.004684,0.000122,-0.003566,-0.000568
684.00,-0.003319,-0.004689,0.000062,-0.005112,0.000132,-0.004108,-0.000205
683.50,-0.004149,-0.005496,-0.000319,-0.004863,-0.000741,-0.004669,-0.001182
683.00,-0.002894,-0.004280,-0.000032,-0.003770,0.000566,-0.004227,0.000440
682.50,-0.003991,-0.005064,-0.000050,-0.004862,-0.000133,-0.004248,-0.000824
682.00,-0.003012,-0.003780,-0.000123,-0.004350,0.000385,-0.004754,-0.000325
681.50,-0.004228,-0.004180,-0.000749,-0.004890,0.000296,-0.004113,-0.000253
681.00,-0.004430,-0.004569,-0.000063,-0.004727,-0.000721,-0.004273,-0.000693
680.50,-0.002264,-0.003992,0.000592,-0.004349,0.000537,-0.003469,-0.000398
680.00,-0.003552,-0.004529,0.000086,-0.004738,-0.000315,-0.003978,-0.000630
679.50,-0.003505,-0.004542,-0.000151,-0.004750,0.000108,-0.004856,-0.001254
679.00,-0.002642,-0.004204,-0.000291,-0.003540,0.001017,-0.003959,0.000311
678.50,-0.002032,-0.002867,0.000932,-0.002483,0.001553,-0.002488,0.001124
678.00,-0.004096,-0.004610,-0.000023,-0.005159,-0.000034,-0.004106,-0.000341
677.50,-0.003981,-0.004782,-0.000279,-0.004440,0.000216,-0.004256,-0.000947
677.00,-0.002916,-0.002945,0.001168,-0.002970,0.001364,-0.003175,0.001322
676.50,-0.002334,-0.004316,0.000498,-0.003315,0.000948,-0.003555,-0.000017
676.00,-0.003447,-0.004221,-0.000054,-0.004048,0.001039,-0.003070,0.000405
675.50,-0.003931,-0.004509,0.001287,-0.004237,0.000899,-0.004135,0.001407
675.00,-0.001995,-0.003586,0.001246,-0.003825,0.001031,-0.003728,0.001179
674.50,-0.004382,-0.005156,-0.000652,-0.004727,-0.000655,-0.004847,-0.000599
674.00,-0.004102,-0.005775,-0.000966,-0.005123,-0.000574,-0.004958,-0.000389
673.50,-0.003908,-0.005401,-0.000031,-0.004924,0.000072,-0.004763,-0.001246
673.00,-0.003764,-0.005559,0.000778,-0.004796,-0.000022,-0.005401,0.000260
672.50,-0.003654,-0.005132,0.000872,-0.004607,0.000485,-0.003628,0.000193
672.00,-0.004891,-0.005273,0.000103,-0.006430,-0.000297,-0.005319,-0.000697
671.50,-0.003105,-0.005025,0.001191,-0.005448,0.001272,-0.002978,0.001068
671.00,-0.002328,-0.003646,0.001567,-0.004358,0.000289,-0.003337,0.001466
670.50,-0.004869,-0.004029,-0.000865,-0.004427,0.000243,-0.005921,-0.000961
670.00,-0.003840,-0.005665,-0.000210,-0.003918,0.001384,-0.003769,0.001649
669.50,-0.004304,-0.006659,-0.000725,-0.006652,-0.000280,-0.006800,-0.001192
669.00,-0.004969,-0.003082,0.000458,-0.005279,0.001611,-0.005184,0.000813
668.50,-0.004621,-0.006308,0.002521,-0.005579,0.000105,-0.004585,0.000722
668.00,-0.004157,-0.003850,0.001038,-0.003778,0.002849,-0.004382,0.000846
667.50,-0.005768,-0.006249,-0.001012,-0.006313,-0.001444,-0.005073,-0.001683
667.00,-0.004888,-0.005510,-0.000091,-0.007845,-0.001653,-0.006747,0.000408
666.50,-0.006227,-0.005698,-0.001611,-0.004801,-0.001222,-0.006095,-0.001630
666.00,-0.004453,-0.007465,-0.000664,-0.007144,-0.000140,-0.008680,-0.000485
665.50,-0.006397,-0.007010,-0.000198,-0.004425,-0.000022,-0.006299,0.000863
665.00,-0.003853,-0.004810,-0.000556,-0.004580,-0.000331,-0.007209,0.000861
664.50,-0.006094,-0.005759,-0.000001,-0.004851,-0.000736,-0.005525,0.000165
664.00,-0.003412,-0.003811,0.001807,-0.004938,0.002057,-0.005363,-0.001299
663.50,-0.005169,-0.005567,-0.000736,-0.006608,-0.000570,-0.004962,0.000653
663.00,-0.001890,-0.005046,0.000824,-0.005426,0.000303,-0.004012,-0.001869
662.50,-0.005544,-0.007096,-0.000267,-0.005691,0.000211,-0.005227,-0.001529
662.00,-0.004025,-0.004771,0.000229,-0.005232,0.000694,-0.003666,-0.000029
661.50,-0.005417,-0.005839,-0.000384,-0.007517,-0.000228,-0.004948,-0.000844
661.00,-0.003220,-0.004990,0.000697,-0.004606,0.001237,-0.004953,0.000231
660.50,-0.003961,-0.004542,-0.000010,-0.005465,-0.000230,-0.005726,0.000553
660.00,-0.004032,-0.004829,0.000406,-0.004363,0.000295,-0.004357,0.000431
659.50,-0.002576,-0.005339,0.000628,-0.004022,0.001709,-0.005016,0.000807
659.00,-0.005985,-0.005410,0.001191,-0.005535,-0.000274,-0.006052,-0.001313
658.50,-0.002106,-0.004944,0.000934,-0.005474,0.001319,-0.005403,0.000606
658.00,-0.001759,-0.003102,0.000295,-0.004448,0.001398,-0.003258,0.000107
657.50,-0.004977,-0.004710,0.000329,-0.005480,0.000776,-0.003436,0.000495
657.00,-0.005262,-0.006412,-0.001040,-0.008384,0.000556,-0.007797,-0.000945
656.50,-0.005356,-0.005228,-0.000756,-0.005258,0.000625,-0.005696,-0.000595
656.00,-0.004827,-0.006017,-0.000903,-0.005692,0.000579,-0.004098,0.000630
655.50,-0.005233,-0.006499,0.000868,-0.006642,-0.000679,-0.005810,-0.001411
655.00,-0.003261,-0.004961,-0.000016,-0.004135,-0.000684,-0.003968,-0.000335
654.50,-0.004463,-0.004886,-0.001157,-0.007593,0.000832,-0.006776,-0.000484
654.00,-0.002937,-0.004690,0.002671,-0.005634,0.001683,-0.003655,0.000409
653.50,-0.006047,-0.007359,-0.002097,-0.007220,-0.001554,-0.004709,-0.000717
653.00,-0.003229,-0.003294,0.000938,-0.005632,0.002076,-0.005137,0.000737
652.50,-0.003712,-0.005052,0.001994,-0.004190,-0.000040,-0.005162,-0.000332
652.00,-0.003736,-0.004843,-0.000512,-0.004787,-0.001029,-0.004709,-0.000888
651.50,-0.002663,-0.004495,0.000811,-0.005286,0.001217,-0.004169,-0.000185
651.00,-0.004854,-0.003864,0.003006,-0.005096,0.000466,-0.002813,0.001033
650.50,-0.004620,-0.005928,-0.000392,-0.006193,-0.000497,-0.005923,-0.001200
650.00,-0.006513,-0.005715,-0.001203,-0.007085,-0.000316,-0.007883,-0.003588
649.50,-0.005835,-0.006089,0.000140,-0.005510,-0.001254,-0.004181,-0.001751
649.00,-0.004761,-0.004774,0.000599,-0.005028,0.000505,-0.003473,-0.000334
648.50,-0.003604,-0.002752,0.001005,-0.005458,0.001506,-0.004971,0.001801
648.00,-0.004289,-0.004333,0.000797,-0.005318,-0.000047,-0.005690,-0.000467
647.50,-0.005462,-0.004382,0.000309,-0.004894,0.000539,-0.005775,0.000130
647.00,-0.004323,-0.004268,0.000250,-0.004422,-0.000199,-0.004940,-0.000441
646.50,-0.004315,-0.004589,0.001795,-0.003605,0.000539,-0.005786,0.001835
646.00,-0.004086,-0.004490,0.000369,-0.004623,0.002667,-0.003906,-0.000119
645.50,-0.004938,-0.003614,0.001753,-0.003131,0.002656,-0.004618,0.000662
645.00,-0.004203,-0.005491,0.000432,-0.003176,0.000232,-0.003823,0.001729
644.50,-0.005725,-0.006180,-0.000057,-0.004304,-0.000701,-0.005293,-0.000221
644.00,-0.003729,-0.005182,0.002908,-0.003871,0.000237,-0.002964,-0.000273
643.50,-0.004720,-0.003693,0.000790,-0.004409,0.000533,-0.004170,0.001313
643.00,-0.005342,-0.003933,0.001429,-0.004447,0.000143,-0.005615,-0.000294
642.50,-0.004905,-0.004812,0.002021,-0.005343,0.002171,-0.004206,-0.000040
642.00,-0.003240,-0.003846,0.002427,-0.004767,0.001552,-0.005175,-0.000320
641.50,-0.003306,-0.003085,0.001110,-0.003217,0.001592,-0.002857,0.000253
641.00,-0.005542,-0.004344,-0.001343,-0.006910,0.000586,-0.005330,-0.001325
640.50,-0.002180,-0.002879,0.003207,-0.002863,0.002897,-0.002861,0.001648
640.00,-0.005781,-0.004145,-0.000907,-0.006084,-0.001105,-0.004994,-0.001005
639.50,-0.002902,-0.002374,0.002641,-0.003134,0.001540,-0.003070,0.001443
639.00,-0.004414,-0.003775,0.001829,-0.004625,-0.000634,-0.004567,0.000760
638.50,-0.003360,-0.002484,0.001396,-0.004829,0.002254,-0.002834,0.001735
638.00,-0.002858,-0.001998,0.000418,-0.003576,0.002070,-0.003073,0.001139
637.50,-0.004202,-0.003466,0.001925,-0.003562,0.000847,-0.004775,0.000347
637.00,-0.003689,-0.005288,-0.000520,-0.002925,0.001956,-0.003711,0.000431
636.50,-0.002222,-0.000688,0.002339,-0.003384,0.001607,-0.001974,0.002710
636.00,-0.003263,-0.001907,0.001039,-0.002620,0.001057,-0.003553,0.001022
635.50,-0.003235,-0.003050,0.002597,-0.004292,0.001269,-0.003240,0.001078
635.00,-0.003341,-0.002981,0.000338,-0.005049,-0.000099,-0.003573,-0.000352
634.50,-0.002744,-0.003234,0.001885,-0.003245,0.000978,-0.002908,-0.000832
634.00,-0.003526,-0.003399,0.001466,-0.005027,-0.000385,-0.004805,0.000024
633.50,-0.005871,-0.004893,-0.000353,-0.003934,0.000437,-0.006009,0.000009
633.00,-0.004332,-0.002920,0.001036,-0.003280,-0.000232,-0.004696,0.001142
632.50,-0.003218,-0.002302,0.001507,-0.003103,-0.000423,-0.004259,0.001255
632.00,-0.004150,-0.003183,-0.001016,-0.005013,0.001403,-0.005581,-0.000833
631.50,-0.005290,-0.003663,0.000178,-0.004360,0.001480,-0.004545,0.000748
631.00,-0.003324,-0.003191,0.003529,-0.003167,0.001952,-0.004030,0.000478
630.50,-0.004173,-0.002117,0.000776,-0.004163,0.000757,-0.004394,0.000192
630.00,-0.003390,-0.002930,0.001135,-0.003444,0.000842,-0.004701,-0.000715
629.50,-0.002806,-0.002747,0.002975,-0.003434,0.002312,-0.003872,0.000313
629.00,-0.003330,-0.002830,0.002022,-0.003875,0.000700,-0.003788,0.000721
628.50,-0.003721,-0.002718,0.001103,-0.003223,0.000464,-0.004256,-0.000075
628.00,-0.002892,-0.001590,0.002456,-0.002713,0.001819,-0.002639,0.000715
627.50,-0.002622,-0.002579,0.001857,-0.002966,0.002112,-0.003484,0.000490
627.00,-0.002269,-0.001134,0.001715,-0.003334,0.002791,-0.003682,0.000998
626.50,-0.003327,-0.001576,0.001604,-0.003189,0.001185,-0.004617,0.000836
626.00,-0.003178,-0.000291,0.003645,-0.002858,0.001821,-0.001934,0.000681
625.50,-0.002386,-0.001419,0.002584,-0.001733,0.001884,-0.003066,0.000087
625.00,-0.003907,-0.001102,0.002709,-0.003991,0.001210,-0.004784,0.001127
624.50,-0.002125,0.000166,0.003960,-0.001478,0.002858,-0.002334,0.002502
624.00,-0.002866,-0.001023,0.002073,-0.002327,0.002045,-0.003198,0.002293
623.50,-0.004062,-0.002058,0.000427,-0.002882,0.001277,-0.004078,-0.001468
623.00,-0.006318,-0.003141,0.002099,-0.003686,0.001682,-0.005195,-0.000971
622.50,-0.002210,-0.000381,0.003236,-0.002042,0.001275,-0.003006,0.001130
622.00,-0.005584,-0.002489,0.002164,-0.003180,0.001693,-0.004983,0.000645
621.50,-0.002372,-0.001387,0.002328,-0.001974,0.001400,-0.003170,0.001743
621.00,-0.004097,0.000483,0.002847,-0.002313,0.002470,-0.003409,0.000921
620.50,-0.005739,-0.001775,0.000714,-0.003565,0.000494,-0.006587,-0.001526
620.00,-0.002778,0.000826,0.003585,-0.002489,0.002255,-0.003075,0.001063
619.50,-0.001842,0.001092,0.002639,-0.001699,0.003558,-0.003572,0.001312
619.00,-0.003633,0.001302,0.003372,-0.000272,0.003355,-0.001927,0.000978
618.50,-0.004837,-0.001659,0.002155,-0.004296,0.000798,-0.004448,-0.001415
618.00,-0.003439,0.000334,0.003278,-0.002556,0.003003,-0.002762,0.000701
617.50,-0.002700,0.000665,0.005249,-0.001674,0.004238,-0.000904,0.001251
617.00,-0.003350,0.000621,0.003011,-0.002327,0.002304,-0.003814,0.000648
616.50,-0.001884,0.001007,0.004574,-0.001049,0.003856,-0.002604,0.001332
616.00,-0.003680,0.000878,0.003364,-0.002427,0.002097,-0.002817,0.000614
615.50,-0.002449,0.001990,0.005298,-0.000673,0.004104,-0.002580,0.002139
615.00,-0.003653,0.002966,0.005058,-0.000663,0.004569,-0.001820,0.001852
614.50,-0.001495,0.004459,0.005816,0.000628,0.005066,-0.000680,0.002832
614.00,-0.002506,0.002695,0.004806,-0.000097,0.003881,-0.002703,0.002364
613.50,-0.002588,0.003522,0.004898,0.000566,0.004556,-0.002230,0.001395
613.00,-0.001262,0.004607,0.006996,0.000657,0.005452,-0.000817,0.003108
612.50,-0.002834,0.004155,0.006247,0.000271,0.005227,-0.002225,0.001453
612.00,-0.002999,0.004441,0.006939,0.001340,0.006055,-0.001119,0.001505
611.50,-0.003702,0.004863,0.006139,0.000815,0.004470,-0.002242,0.001666
611.00,-0.002239,0.005851,0.006917,0.001802,0.005467,-0.000558,0.002673
610.50,-0.002245,0.005621,0.006241,0.001753,0.005068,-0.001301,0.001757
610.00,-0.003184,0.006434,0.006576,0.001943,0.005715,-0.000561,0.002863
609.50,-0.001658,0.006751,0.008514,0.002465,0.006000,-0.000779,0.002874
609.00,-0.003238,0.007949,0.007723,0.002535,0.005148,-0.001226,0.002606
608.50,-0.001561,0.009069,0.009334,0.003728,0.006245,0.000258,0.003455
608.00,-0.002635,0.009021,0.008505,0.002717,0.006240,-0.000032,0.002682
607.50,-0.001694,0.009756,0.009906,0.003583,0.008434,0.001177,0.003739
607.00,-0.002047,0.010172,0.010211,0.004346,0.007438,0.000410,0.003702
606.50,-0.002069,0.009831,0.009667,0.004129,0.007459,0.000447,0.003144
606.00,-0.002479,0.012157,0.011589,0.005240,0.008674,0.000854,0.003864
605.50,-0.002089,0.012286,0.011126,0.005658,0.008776,0.001101,0.003728
605.00,-0.002520,0.013489,0.011404,0.006204,0.009185,0.000799,0.004251
604.50,-0.002876,0.013733,0.012409,0.005838,0.009308,0.000452,0.003274
604.00,-0.002143,0.016586,0.013784,0.007354,0.010197,0.001844,0.005078
603.50,-0.001655,0.016572,0.014646,0.008217,0.010683,0.002443,0.005683
603.00,-0.002575,0.017335,0.014750,0.008406,0.009581,0.001657,0.005665
602.50,-0.001378,0.018564,0.015600,0.009283,0.011992,0.003218,0.006176
602.00,-0.000889,0.021157,0.018013,0.011409,0.012966,0.004027,0.006065
601.50,-0.002896,0.021887,0.018251,0.010926,0.012732,0.003679,0.005839
601.00,-0.002639,0.023117,0.018361,0.011310,0.014199,0.003893,0.005454
600.50,-0.001786,0.023699,0.019677,0.013381,0.014183,0.004116,0.007562
600.00,-0.002423,0.024825,0.020014,0.013826,0.013602,0.003804,0.006289
599.50,-0.000656,0.027965,0.023245,0.014338,0.016093,0.005763,0.007756
599.00,-0.001855,0.029943,0.022818,0.015139,0.016745,0.006564,0.007809
598.50,-0.002993,0.029972,0.023104,0.015518,0.016372,0.005495,0.006993
598.00,-0.001733,0.032396,0.025379,0.017271,0.018432,0.006337,0.008249
597.50,-0.002396,0.034630,0.026181,0.018845,0.019305,0.007215,0.008810
597.00,-0.000530,0.038465,0.028404,0.020558,0.020790,0.009196,0.010306
596.50,-0.001997,0.040823,0.030048,0.022063,0.022265,0.009372,0.010134
596.00,-0.001405,0.042839,0.031942,0.023278,0.022942,0.009157,0.010023
595.50,-0.001573,0.045136,0.033423,0.024841,0.023539,0.010343,0.011518
595.00,-0.000539,0.047425,0.035091,0.025902,0.025209,0.011618,0.011264
594.50,-0.001933,0.049306,0.037296,0.027867,0.026305,0.011958,0.011991
594.00,-0.001078,0.053903,0.039703,0.030248,0.028425,0.012483,0.013633
593.50,-0.000382,0.057450,0.043561,0.033470,0.031183,0.014299,0.015123
593.00,-0.001408,0.059119,0.044198,0.033262,0.030967,0.015174,0.015315
592.50,-0.001887,0.063841,0.047042,0.035069,0.033440,0.016262,0.015232
592.00,-0.001782,0.065935,0.047352,0.036529,0.034018,0.016662,0.015828
591.50,-0.000458,0.070694,0.051446,0.040739,0.037265,0.017791,0.017052
591.00,-0.001306,0.075347,0.053065,0.042599,0.037594,0.019169,0.018665
590.50,-0.000367,0.079504,0.058572,0.046000,0.040854,0.020995,0.019386
590.00,-0.000737,0.084494,0.060429,0.048405,0.043906,0.022147,0.020790
589.50,0.000133,0.088449,0.063746,0.051305,0.045233,0.023293,0.021636
589.00,-0.000361,0.092678,0.066841,0.054756,0.048807,0.023976,0.022230
588.50,0.000585,0.098352,0.071003,0.057828,0.050924,0.026253,0.023630
588.00,-0.000753,0.103272,0.074959,0.061346,0.053107,0.028026,0.025584
587.50,-0.000281,0.109697,0.078956,0.063242,0.054898,0.029946,0.025645
587.00,0.000083,0.115030,0.082948,0.067984,0.058611,0.031347,0.028148
586.50,-0.000342,0.120358,0.086860,0.070673,0.060995,0.032471,0.028274
586.00,-0.000455,0.126786,0.090666,0.074202,0.063872,0.035026,0.029464
585.50,-0.000053,0.134697,0.095689,0.078855,0.067758,0.037018,0.031951
585.00,0.000515,0.143883,0.102173,0.085538,0.072337,0.040111,0.034425
584.50,0.000197,0.150071,0.107436,0.088772,0.075775,0.040808,0.035529
584.00,-0.000230,0.155401,0.110489,0.092764,0.078500,0.043151,0.036211
583.50,0.000115,0.164110,0.115813,0.097190,0.082590,0.045232,0.038680
583.00,0.000840,0.173080,0.122877,0.102384,0.087134,0.048394,0.040491
582.50,0.001002,0.182130,0.128077,0.107315,0.092034,0.051708,0.043411
582.00,-0.000663,0.187852,0.133608,0.111520,0.094336,0.051954,0.043082
581.50,0.000711,0.197970,0.140834,0.118105,0.099881,0.055228,0.047612
581.00,-0.000258,0.205641,0.145469,0.123195,0.103201,0.059366,0.048328
580.50,0.000601,0.217267,0.151323,0.129301,0.107704,0.061206,0.051326
580.00,0.001154,0.227983,0.160457,0.135595,0.113660,0.064607,0.053380
579.50,0.000633,0.238867,0.168047,0.142768,0.118976,0.067717,0.057237
579.00,0.000964,0.249082,0.174063,0.149145,0.124172,0.070033,0.057572
578.50,0.002018,0.259625,0.180978,0.154655,0.129884,0.073308,0.060925
578.00,0.001015,0.269263,0.188884,0.160673,0.134078,0.076487,0.063364
577.50,0.001684,0.281363,0.197068,0.168658,0.139307,0.079902,0.065886
577.00,0.001613,0.292926,0.205286,0.175302,0.144934,0.084152,0.068271
576.50,0.002442,0.304578,0.215091,0.182705,0.151804,0.087729,0.071672
576.00,0.002361,0.316609,0.222167,0.190114,0.157683,0.091705,0.074009
575.50,0.002829,0.326227,0.228852,0.196300,0.162630,0.094368,0.076641
575.00,0.002199,0.337479,0.236491,0.202048,0.167941,0.096830,0.079140
574.50,0.003338,0.350976,0.246463,0.210635,0.174843,0.100818,0.083091
574.00,0.002261,0.365485,0.256580,0.218869,0.180999,0.105009,0.085302
573.50,0.002334,0.377903,0.264129,0.224915,0.186975,0.108355,0.087772
573.00,0.003390,0.390139,0.272410,0.233169,0.193163,0.112187,0.091091
572.50,0.002749,0.400414,0.280285,0.240043,0.197974,0.115802,0.093332
572.00,0.003874,0.415179,0.289693,0.250051,0.205602,0.120905,0.096748
571.50,0.002990,0.425265,0.297595,0.256282,0.211069,0.124027,0.099108
571.00,0.003150,0.441629,0.308496,0.263513,0.217440,0.127127,0.102830
570.50,0.003776,0.453386,0.315964,0.271668,0.224055,0.131380,0.105237
570.00,0.003334,0.464282,0.322884,0.277956,0.228613,0.133173,0.107025
569.50,0.003736,0.477290,0.332820,0.284816,0.234426,0.138110,0.109809
569.00,0.003185,0.490877,0.342371,0.293868,0.240819,0.141099,0.112987
568.50,0.004820,0.503487,0.352230,0.302962,0.247803,0.145596,0.117483
568.00,0.004474,0.517100,0.360679,0.310874,0.254359,0.149829,0.120289
567.50,0.003974,0.527710,0.369201,0.316332,0.260079,0.152806,0.122818
567.00,0.006154,0.539681,0.375744,0.326168,0.266641,0.157972,0.126406
566.50,0.004325,0.551267,0.383126,0.329158,0.271055,0.158574,0.127467
566.00,0.004181,0.563130,0.391846,0.337722,0.276491,0.163034,0.130988
565.50,0.005047,0.577526,0.399840,0.345148,0.283228,0.166434,0.133660
565.00,0.006232,0.586561,0.408698,0.352533,0.289485,0.171155,0.136552
564.50,0.006045,0.594870,0.414209,0.357380,0.292657,0.172378,0.137954
564.00,0.005312,0.606567,0.421366,0.363646,0.298465,0.175273,0.139954
563.50,0.004296,0.618619,0.428031,0.369139,0.302275,0.177669,0.143134
563.00,0.006084,0.629772,0.436967,0.377107,0.309307,0.182365,0.146167
562.50,0.005432,0.640839,0.441528,0.383612,0.313074,0.185025,0.147231
562.00,0.006082,0.649969,0.450139,0.388632,0.318726,0.187088,0.150050
561.50,0.005208,0.656926,0.453063,0.391503,0.320447,0.189489,0.150766
561.00,0.005761,0.668077,0.461375,0.397194,0.326423,0.193114,0.153316
560.50,0.006647,0.675099,0.467426,0.402020,0.330205,0.194624,0.155763
560.00,0.007660,0.686717,0.474863,0.409386,0.335266,0.197308,0.157872
559.50,0.006581,0.692361,0.477310,0.412312,0.337875,0.200011,0.159084
559.00,0.005553,0.699999,0.481053,0.417057,0.340491,0.201677,0.160526
558.50,0.006832,0.708722,0.488376,0.421448,0.344890,0.203594,0.163420
558.00,0.006468,0.719093,0.491801,0.425302,0.347576,0.205748,0.164946
557.50,0.006889,0.724306,0.496546,0.430111,0.350460,0.208582,0.165780
557.00,0.006996,0.727517,0.500786,0.431703,0.353337,0.208828,0.166832
556.50,0.007209,0.735922,0.502192,0.434794,0.354989,0.211657,0.166658
556.00,0.007556,0.737450,0.506499,0.438296,0.358005,0.212361,0.168721
555.50,0.007856,0.742950,0.510600,0.439923,0.360480,0.213740,0.170081
555.00,0.006716,0.751070,0.514707,0.443177,0.362672,0.215217,0.170524
554.50,0.007700,0.756801,0.515797,0.446818,0.365746,0.217429,0.172406
554.00,0.007022,0.756315,0.517275,0.445957,0.365510,0.216150,0.172462
553.50,0.008308,0.765404,0.523196,0.450442,0.368851,0.219422,0.174704
553.00,0.008381,0.768535,0.524413,0.453868,0.369919,0.219879,0.175304
552.50,0.008050,0.770112,0.526068,0.454608,0.370997,0.219407,0.175314
552.00,0.008323,0.770968,0.530045,0.456320,0.372366,0.221996,0.175280
551.50,0.009581,0.779388,0.529948,0.458653,0.374135,0.222898,0.177837
551.00,0.008624,0.780207,0.530812,0.457392,0.373488,0.222846,0.177431
550.50,0.009500,0.783518,0.531568,0.460291,0.376445,0.223852,0.178310
550.00,0.008776,0.785133,0.533351,0.461374,0.377549,0.224199,0.178262
549.50,0.008398,0.786717,0.535541,0.462101,0.377303,0.225042,0.178538
549.00,0.008867,0.790436,0.535477,0.463451,0.378371,0.224294,0.178348
548.50,0.008941,0.792307,0.537729,0.464246,0.378436,0.226020,0.180163
548.00,0.009098,0.793606,0.537797,0.464704,0.379237,0.225878,0.179475
547.50,0.009396,0.795991,0.538160,0.466339,0.381071,0.227050,0.180088
547.00,0.009658,0.796514,0.540206,0.466236,0.381381,0.227195,0.180383
546.50,0.009724,0.797684,0.540749,0.467008,0.381064,0.226569,0.180480
546.00,0.009194,0.798890,0.539821,0.467569,0.381630,0.226983,0.180394
545.50,0.009929,0.801317,0.542934,0.468086,0.382731,0.227127,0.179922
545.00,0.010365,0.802575,0.542791,0.467702,0.382643,0.228013,0.181690
544.50,0.010039,0.803637,0.542228,0.469084,0.383178,0.227978,0.181306
544.00,0.010206,0.805217,0.543488,0.469126,0.382496,0.228050,0.181713
543.50,0.010088,0.806372,0.543695,0.469495,0.383510,0.228213,0.181939
543.00,0.010528,0.806273,0.544075,0.469813,0.384096,0.228824,0.181720
542.50,0.010862,0.807989,0.544978,0.470718,0.384976,0.229171,0.182622
542.00,0.011081,0.810853,0.545104,0.471822,0.384426,0.229946,0.182779
541.50,0.011160,0.810990,0.546086,0.471863,0.385143,0.229859,0.183592
541.00,0.011157,0.811047,0.545517,0.472124,0.385279,0.230556,0.182676
540.50,0.011420,0.814780,0.547575,0.473250,0.386091,0.231167,0.183856
540.00,0.012445,0.815928,0.547603,0.472577,0.386643,0.231481,0.184102
539.50,0.011599,0.815988,0.547788,0.474174,0.387303,0.230752,0.184695
539.00,0.011019,0.816177,0.547562,0.473731,0.387720,0.231718,0.184417
538.50,0.012627,0.820347,0.550410,0.475793,0.388633,0.232599,0.185579
538.00,0.012108,0.817229,0.549490,0.476273,0.388197,0.232288,0.185315
537.50,0.013102,0.820225,0.551058,0.477379,0.389774,0.233132,0.185415
537.00,0.013189,0.823609,0.552174,0.477287,0.391015,0.233632,0.186473
536.50,0.013004,0.821920,0.552350,0.478309,0.390812,0.233928,0.186508
536.00,0.013682,0.827448,0.554451,0.480671,0.391529,0.235539,0.187173
535.50,0.014026,0.828184,0.555087,0.480430,0.392291,0.235615,0.187258
535.00,0.014731,0.828252,0.556423,0.481954,0.393103,0.235816,0.188600
534.50,0.014182,0.830151,0.557506,0.482000,0.393741,0.236152,0.189008
534.00,0.014916,0.832113,0.557880,0.483441,0.394754,0.237022,0.189403
533.50,0.015298,0.833118,0.558829,0.483634,0.395667,0.237637,0.189693
533.00,0.015396,0.835792,0.559989,0.484996,0.396129,0.238384,0.190098
532.50,0.016227,0.836899,0.561462,0.486437,0.397477,0.238888,0.191207
532.00,0.016815,0.837897,0.561751,0.486794,0.397729,0.239516,0.191708
531.50,0.016978,0.840956,0.563215,0.488452,0.398884,0.239944,0.191851
531.00,0.016686,0.840195,0.563011,0.488984,0.399329,0.239836,0.192291
530.50,0.017476,0.842786,0.565121,0.490313,0.400955,0.241110,0.193267
530.00,0.017839,0.844130,0.565818,0.490130,0.401515,0.241718,0.193963
529.50,0.018513,0.844220,0.566659,0.491543,0.402369,0.242338,0.194850
529.00,0.018831,0.846204,0.567591,0.492151,0.402681,0.242950,0.195108
528.50,0.019875,0.847469,0.568564,0.493337,0.403370,0.243760,0.195710
528.00,0.020477,0.848980,0.569353,0.493488,0.403897,0.244189,0.196165
527.50,0.020868,0.848784,0.570157,0.494821,0.404572,0.244820,0.197222
527.00,0.021236,0.849739,0.570823,0.495368,0.406015,0.245587,0.197895
526.50,0.022289,0.850345,0.571186,0.495221,0.406212,0.245212,0.197787
526.00,0.022823,0.852587,0.571788,0.496046,0.405815,0.246572,0.198481
525.50,0.022674,0.853030,0.572059,0.495555,0.406432,0.246735,0.199122
525.00,0.023456,0.851334,0.572418,0.496290,0.406295,0.246725,0.199565
524.50,0.024254,0.852581,0.572445,0.495815,0.406631,0.247155,0.199561
524.00,0.024725,0.850748,0.572248,0.496943,0.407342,0.247839,0.199987
523.50,0.025922,0.849253,0.571241,0.496542,0.407350,0.248208,0.200381
523.00,0.026634,0.853210,0.572520,0.498036,0.407722,0.247990,0.200827
522.50,0.027044,0.847614,0.570683,0.495906,0.406843,0.248064,0.201858
522.00,0.027725,0.846800,0.570924,0.495310,0.406917,0.249351,0.201693
521.50,0.028488,0.851130,0.569627,0.495585,0.406836,0.248058,0.201456
521.00,0.029480,0.847668,0.569824,0.495047,0.406689,0.248956,0.202389
520.50,0.029393,0.847162,0.568586,0.494152,0.406318,0.248793,0.202396
520.00,0.029998,0.845640,0.566900,0.493497,0.405676,0.248288,0.201973
519.50,0.031347,0.843096,0.567577,0.493353,0.405973,0.248841,0.202773
519.00,0.032161,0.842241,0.565787,0.492021,0.404379,0.248527,0.202818
518.50,0.033280,0.839204,0.563503,0.491105,0.404311,0.248796,0.203415
518.00,0.034265,0.837843,0.562506,0.488637,0.403242,0.248247,0.203400
517.50,0.036450,0.832706,0.561182,0.487348,0.402355,0.247960,0.203398
517.00,0.036259,0.830565,0.560214,0.487463,0.401184,0.248178,0.203194
516.50,0.037114,0.829295,0.557691,0.486071,0.400595,0.248116,0.202960
516.00,0.037741,0.824745,0.554270,0.482979,0.398258,0.247468,0.202466
515.50,0.039685,0.822711,0.554237,0.482098,0.398199,0.246977,0.203918
515.00,0.039919,0.817994,0.550576,0.480085,0.397171,0.246078,0.203221
514.50,0.042794,0.814297,0.549899,0.478250,0.395385,0.245662,0.203774
514.00,0.042701,0.810672,0.547939,0.477035,0.394228,0.245655,0.203166
513.50,0.044111,0.809504,0.544655,0.475236,0.393192,0.245176,0.203565
513.00,0.045723,0.803204,0.541918,0.473534,0.391807,0.244895,0.203438
512.50,0.046147,0.800927,0.538438,0.470558,0.390192,0.243792,0.202870
512.00,0.047652,0.795105,0.535503,0.468376,0.388122,0.243922,0.203167
511.50,0.049045,0.793261,0.533636,0.464714,0.385917,0.242606,0.202787
511.00,0.050941,0.788478,0.532224,0.464259,0.385943,0.243015,0.203615
510.50,0.051268,0.781896,0.528408,0.462018,0.383201,0.241211,0.202612
510.00,0.053028,0.777192,0.525191,0.459193,0.381655,0.241156,0.202713
509.50,0.054820,0.771675,0.521622,0.456133,0.379322,0.240972,0.203123
509.00,0.056631,0.768006,0.518779,0.454592,0.378599,0.240023,0.203138
508.50,0.057988,0.763465,0.516638,0.451664,0.376171,0.240185,0.203115
508.00,0.058723,0.759267,0.513048,0.449982,0.375300,0.239146,0.203070
507.50,0.060084,0.751928,0.509668,0.446948,0.372266,0.238754,0.202567
507.00,0.062692,0.747292,0.506785,0.444303,0.370537,0.238448,0.202807
506.50,0.064125,0.741147,0.503258,0.440728,0.369182,0.238196,0.202855
506.00,0.064837,0.735228,0.498794,0.438343,0.367566,0.236668,0.202519
505.50,0.066903,0.731701,0.497276,0.436482,0.365348,0.236156,0.202395
505.00,0.068573,0.726804,0.493772,0.433091,0.364679,0.235608,0.202675
504.50,0.071067,0.722422,0.489760,0.431808,0.362565,0.235134,0.203136
504.00,0.072798,0.715177,0.487450,0.428994,0.360882,0.235556,0.203309
503.50,0.074967,0.710306,0.484642,0.425988,0.359240,0.234865,0.204080
503.00,0.076641,0.705347,0.480662,0.424749,0.356956,0.234497,0.203815
502.50,0.078662,0.701182,0.478197,0.421759,0.356340,0.233813,0.203645
502.00,0.080042,0.693712,0.474493,0.419697,0.353709,0.233869,0.204045
501.50,0.081705,0.686586,0.470068,0.415687,0.352004,0.233285,0.204167
501.00,0.084237,0.681759,0.467258,0.412951,0.350129,0.233217,0.204709
500.50,0.086123,0.676354,0.464663,0.411245,0.349864,0.232705,0.205588
500.00,0.088771,0.671404,0.462731,0.410788,0.348022,0.233011,0.206143
499.50,0.090652,0.667176,0.459387,0.407568,0.346528,0.232892,0.206090
499.00,0.092475,0.660264,0.455164,0.404328,0.345016,0.232504,0.207146
498.50,0.095315,0.654262,0.452557,0.401830,0.342813,0.232285,0.207776
498.00,0.096821,0.650145,0.450135,0.399637,0.341896,0.232413,0.208327
497.50,0.099809,0.644188,0.447312,0.398888,0.340626,0.232991,0.208826
497.00,0.101624,0.638815,0.444289,0.396279,0.339103,0.232536,0.209134
496.50,0.104503,0.633493,0.441669,0.394037,0.337994,0.232331,0.209503
496.00,0.106520,0.626264,0.437492,0.391578,0.336154,0.232312,0.209993
495.50,0.108952,0.620548,0.434841,0.388023,0.334612,0.232021,0.211404
495.00,0.111402,0.615945,0.430893,0.386397,0.333197,0.232842,0.212103
494.50,0.113221,0.609179,0.429087,0.384431,0.332989,0.232143,0.212804
494.00,0.115324,0.604204,0.425317,0.381904,0.330431,0.231331,0.212339
493.50,0.118374,0.597310,0.422481,0.379837,0.329552,0.232033,0.213796
493.00,0.121371,0.592204,0.419682,0.377185,0.328535,0.232336,0.214739
492.50,0.123440,0.585799,0.416662,0.374604,0.327124,0.232978,0.215605
492.00,0.126226,0.580637,0.413798,0.373536,0.326351,0.233295,0.216586
491.50,0.128312,0.575146,0.410906,0.370970,0.324790,0.233309,0.216689
491.00,0.130872,0.569938,0.407773,0.368740,0.323653,0.232933,0.217657
490.50,0.133990,0.562442,0.404702,0.365888,0.321873,0.233564,0.218708
490.00,0.136499,0.556708,0.401444,0.363749,0.321015,0.233900,0.220112
489.50,0.139749,0.549310,0.398120,0.361950,0.319716,0.233794,0.220770
489.00,0.141861,0.544282,0.395377,0.359566,0.318302,0.233676,0.222025
488.50,0.143949,0.538886,0.392363,0.357854,0.317301,0.234081,0.222276
488.00,0.146637,0.533025,0.389702,0.355594,0.316299,0.234431,0.223117
487.50,0.149250,0.527241,0.387119,0.353601,0.314942,0.234778,0.224512
487.00,0.152470,0.520202,0.383464,0.351048,0.313482,0.235034,0.225597
486.50,0.155020,0.514267,0.380503,0.348526,0.312412,0.235203,0.226214
486.00,0.157243,0.508442,0.377472,0.346889,0.311279,0.235121,0.226909
485.50,0.160036,0.502160,0.374427,0.344943,0.310064,0.235440,0.228338
485.00,0.162554,0.496297,0.371292,0.342203,0.308939,0.235470,0.229107
484.50,0.165121,0.490526,0.368448,0.340353,0.307731,0.235847,0.229869
484.00,0.168148,0.484784,0.365742,0.338813,0.306645,0.236378,0.230951
483.50,0.171106,0.478365,0.362396,0.336226,0.305447,0.236912,0.232042
483.00,0.173124,0.473289,0.359442,0.334513,0.303971,0.236982,0.232810
482.50,0.175445,0.467211,0.356666,0.331788,0.303124,0.237027,0.233503
482.00,0.178891,0.460070,0.353550,0.329075,0.302004,0.238014,0.234700
481.50,0.181607,0.454154,0.350263,0.327567,0.300520,0.237449,0.235531
481.00,0.184422,0.447765,0.346893,0.325060,0.299193,0.237632,0.236420
480.50,0.186649,0.442387,0.344688,0.322594,0.298350,0.237781,0.237816
480.00,0.189987,0.437088,0.342207,0.320659,0.297343,0.238287,0.238810
479.50,0.192515,0.430778,0.339266,0.319330,0.296133,0.238822,0.239366
479.00,0.195016,0.424250,0.335797,0.316583,0.295004,0.238745,0.240931
478.50,0.198196,0.418103,0.332406,0.314348,0.293715,0.238900,0.241470
478.00,0.200146,0.411988,0.330114,0.312963,0.292523,0.239744,0.242473
477.50,0.203190,0.406959,0.327147,0.310440,0.291155,0.239552,0.243072
477.00,0.205231,0.401877,0.324442,0.308629,0.290921,0.240006,0.244005
476.50,0.207653,0.395419,0.321813,0.306371,0.289186,0.239622,0.245080
476.00,0.210341,0.389712,0.318364,0.303991,0.287814,0.239858,0.245536
475.50,0.213316,0.383894,0.316247,0.302995,0.287982,0.241138,0.247366
475.00,0.215279,0.378124,0.313444,0.300045,0.285826,0.240648,0.248069
474.50,0.217831,0.372906,0.310584,0.298426,0.284728,0.240470,0.248894
474.00,0.219764,0.368060,0.308091,0.296607,0.283896,0.240547,0.249019
473.50,0.222642,0.363389,0.305471,0.295070,0.283201,0.241415,0.250367
473.00,0.225463,0.355808,0.301858,0.292110,0.280982,0.241600,0.251314
472.50,0.228216,0.350333,0.300067,0.290900,0.280705,0.242239,0.252798
472.00,0.230626,0.345713,0.297103,0.288529,0.279816,0.241807,0.253372
471.50,0.232755,0.341087,0.295077,0.286728,0.278958,0.242026,0.253660
471.00,0.234836,0.335799,0.292654,0.285133,0.277753,0.242537,0.255278
470.50,0.236563,0.329803,0.289260,0.282570,0.276199,0.241945,0.255302
470.00,0.239351,0.324442,0.286368,0.280876,0.275640,0.242613,0.256033
469.50,0.241590,0.319412,0.284652,0.279497,0.274720,0.242638,0.257863
469.00,0.244082,0.314401,0.281842,0.277875,0.273317,0.243020,0.258122
468.50,0.245729,0.310259,0.279533,0.276063,0.272826,0.243298,0.259016
468.00,0.248334,0.305208,0.277701,0.274543,0.271606,0.244116,0.259675
467.50,0.250155,0.299750,0.274850,0.272328,0.270685,0.243759,0.259886
467.00,0.253343,0.294675,0.271624,0.270536,0.269555,0.244090,0.261391
466.50,0.254879,0.289832,0.270303,0.268921,0.268943,0.244424,0.263166
466.00,0.257265,0.285666,0.268064,0.267384,0.268337,0.244519,0.262595
465.50,0.258279,0.280984,0.266034,0.265984,0.267611,0.244623,0.263523
465.00,0.259958,0.275952,0.263345,0.263727,0.266512,0.244621,0.264204
464.50,0.262696,0.271405,0.261050,0.262111,0.265550,0.244529,0.264539
464.00,0.265003,0.266814,0.259269,0.260292,0.264740,0.245025,0.265784
463.50,0.265666,0.262182,0.256763,0.258948,0.263496,0.244833,0.266103
463.00,0.267642,0.258369,0.254583,0.257381,0.262980,0.244716,0.266765
462.50,0.269491,0.253756,0.252461,0.255603,0.262194,0.245192,0.266969
462.00,0.271534,0.249083,0.249982,0.254071,0.261237,0.244920,0.267757
461.50,0.273323,0.244359,0.248392,0.252517,0.260407,0.245287,0.268791
461.00,0.274949,0.239736,0.245911,0.250857,0.259255,0.244939,0.268800
460.50,0.276279,0.235988,0.243547,0.248962,0.258379,0.244567,0.268978
460.00,0.278212,0.232488,0.242244,0.248324,0.257469,0.245679,0.269929
459.50,0.279032,0.227917,0.240052,0.246047,0.256353,0.245031,0.270104
459.00,0.280695,0.224184,0.238060,0.244567,0.255236,0.245515,0.270300
458.50,0.282590,0.218953,0.234926,0.243698,0.254718,0.245422,0.271706
458.00,0.284129,0.215298,0.233378,0.241206,0.254000,0.244983,0.271001
457.50,0.285293,0.212191,0.232109,0.240595,0.253253,0.245375,0.272335
457.00,0.286524,0.208339,0.230071,0.239321,0.252366,0.245022,0.272754
456.50,0.288669,0.204503,0.228419,0.238137,0.252442,0.245792,0.273307
456.00,0.289486,0.200643,0.226255,0.236624,0.250634,0.245335,0.273838
455.50,0.290709,0.196307,0.223984,0.233883,0.249573,0.244479,0.273025
455.00,0.291590,0.192561,0.221771,0.233122,0.249046,0.244600,0.273667
454.50,0.292648,0.189860,0.220089,0.231318,0.247542,0.244626,0.273909
454.00,0.293398,0.185856,0.218281,0.229950,0.246094,0.244524,0.273855
453.50,0.294829,0.181682,0.216588,0.229064,0.246169,0.244885,0.274465
453.00,0.295776,0.178500,0.214915,0.226604,0.244611,0.243798,0.274746
452.50,0.298049,0.175772,0.213748,0.226691,0.244552,0.244361,0.275266
452.00,0.297696,0.171497,0.211444,0.224485,0.242154,0.243382,0.274512
451.50,0.299199,0.169445,0.210460,0.223816,0.242440,0.244405,0.275889
451.00,0.300269,0.165899,0.208366,0.222386,0.241819,0.243606,0.275445
450.50,0.300887,0.162855,0.207104,0.220085,0.241633,0.243259,0.275868
450.00,0.302354,0.159439,0.204883,0.219375,0.240488,0.243475,0.276103
449.50,0.303123,0.156134,0.203493,0.218315,0.239249,0.243159,0.275603
449.00,0.303195,0.153330,0.201311,0.216391,0.238052,0.242492,0.275492
448.50,0.303987,0.150545,0.200543,0.215726,0.237721,0.242831,0.276562
448.00,0.304381,0.147711,0.198766,0.214630,0.237088,0.242613,0.275647
447.50,0.305138,0.144666,0.197192,0.213056,0.235374,0.241817,0.276070
447.00,0.306191,0.141139,0.195103,0.211965,0.234877,0.241929,0.275447
446.50,0.306620,0.138695,0.193923,0.210834,0.234221,0.241406,0.275601
446.00,0.306978,0.136531,0.192335,0.209668,0.233570,0.241491,0.275144
445.50,0.307335,0.133488,0.191113,0.208298,0.232526,0.240971,0.275284
445.00,0.308513,0.130562,0.189232,0.207211,0.231582,0.240658,0.275789
444.50,0.308403,0.128208,0.188229,0.206215,0.231102,0.240576,0.275535
444.00,0.309722,0.125827,0.186224,0.204878,0.229715,0.239795,0.275246
443.50,0.309776,0.123557,0.185091,0.203732,0.229243,0.239994,0.275016
443.00,0.310165,0.120990,0.183610,0.202704,0.228519,0.239291,0.274682
442.50,0.310331,0.118524,0.182921,0.201549,0.227486,0.238964,0.275089
442.00,0.311131,0.116519,0.181463,0.199981,0.227447,0.238652,0.274955
441.50,0.311429,0.114429,0.179838,0.199266,0.225839,0.238449,0.274258
441.00,0.312115,0.112173,0.178896,0.198479,0.225711,0.238355,0.274282
440.50,0.312284,0.110341,0.178009,0.198095,0.225099,0.237985,0.274548
440.00,0.312752,0.108190,0.176665,0.197404,0.224557,0.237622,0.274955
439.50,0.312505,0.105762,0.175261,0.195748,0.222878,0.237149,0.273739
439.00,0.312559,0.104178,0.173907,0.195165,0.223338,0.236914,0.273677
438.50,0.312695,0.100866,0.172942,0.193387,0.221422,0.236807,0.273027
438.00,0.312752,0.099823,0.171567,0.192821,0.221204,0.236248,0.273629
437.50,0.313206,0.097944,0.170954,0.191824,0.220875,0.236441,0.272967
437.00,0.312814,0.095215,0.168917,0.190654,0.218921,0.235867,0.272407
436.50,0.313886,0.094012,0.167877,0.190007,0.218697,0.235282,0.272322
436.00,0.313627,0.091889,0.167352,0.189267,0.217851,0.234452,0.271994
435.50,0.313789,0.090230,0.166745,0.188676,0.217250,0.234533,0.272225
435.00,0.314023,0.088480,0.164813,0.187357,0.217017,0.233916,0.271511
434.50,0.314019,0.086559,0.163760,0.186065,0.215699,0.233519,0.271543
434.00,0.314254,0.085887,0.163118,0.186475,0.215629,0.233063,0.271667
433.50,0.314204,0.083621,0.161327,0.184793,0.214607,0.232253,0.270478
433.00,0.314415,0.082112,0.160865,0.183960,0.214570,0.232916,0.270752
432.50,0.315118,0.080456,0.160187,0.183027,0.213711,0.231947,0.270278
432.00,0.314773,0.079269,0.159635,0.182060,0.212767,0.232144,0.270685
431.50,0.315115,0.077295,0.158046,0.181567,0.212523,0.231458,0.269629
431.00,0.315000,0.076315,0.157511,0.181109,0.211864,0.231677,0.270312
430.50,0.314184,0.074706,0.156356,0.180486,0.211263,0.230978,0.269735
430.00,0.314571,0.072832,0.155463,0.179158,0.210238,0.230474,0.268701
429.50,0.314355,0.072107,0.154733,0.179089,0.209948,0.229621,0.268759
429.00,0.314282,0.070086,0.153695,0.178043,0.209472,0.229382,0.267862
428.50,0.313890,0.068761,0.152882,0.176861,0.208724,0.228627,0.267160
428.00,0.314441,0.067563,0.152097,0.176636,0.208514,0.228839,0.267707
427.50,0.314274,0.066158,0.151671,0.175019,0.207339,0.228407,0.266953
427.00,0.314403,0.065150,0.150559,0.174837,0.206898,0.228143,0.267096
426.50,0.313969,0.063397,0.149173,0.173674,0.205199,0.227209,0.266416
426.00,0.313788,0.062121,0.148305,0.173425,0.204945,0.227101,0.266852
425.50,0.313738,0.060946,0.148035,0.172648,0.204733,0.226174,0.266150
425.00,0.312848,0.060078,0.146667,0.171431,0.204520,0.225430,0.264805
424.50,0.313344,0.058776,0.146414,0.170757,0.204088,0.225634,0.265064
424.00,0.313559,0.058637,0.145965,0.170416,0.203305,0.226090,0.264599
423.50,0.313008,0.056517,0.144700,0.169935,0.202373,0.224634,0.264157
423.00,0.312674,0.055750,0.144380,0.169022,0.201790,0.225239,0.264283
422.50,0.312308,0.054773,0.143366,0.168396,0.201877,0.224376,0.263857
422.00,0.312178,0.054109,0.143323,0.168132,0.201030,0.224233,0.263512
421.50,0.312212,0.052353,0.141903,0.166950,0.200474,0.223416,0.262525
421.00,0.311074,0.051240,0.141302,0.165675,0.198948,0.222158,0.261871
420.50,0.311086,0.050908,0.140771,0.166102,0.200038,0.222740,0.262352
420.00,0.310360,0.049905,0.139863,0.165127,0.198416,0.221927,0.261567
419.50,0.310379,0.049153,0.139782,0.164756,0.198442,0.221950,0.261557
419.00,0.310224,0.048457,0.138872,0.164544,0.198132,0.221165,0.261075
418.50,0.309225,0.046783,0.137859,0.162503,0.196521,0.220442,0.258875
418.00,0.310028,0.046605,0.138045,0.163516,0.196264,0.220786,0.259931
417.50,0.309329,0.046073,0.137439,0.161870,0.196738,0.220725,0.259816
417.00,0.307806,0.044246,0.135131,0.160686,0.194493,0.218588,0.257772
416.50,0.307675,0.043486,0.135368,0.161008,0.194401,0.218253,0.257192
416.00,0.307135,0.042346,0.133891,0.159559,0.193459,0.217446,0.257172
415.50,0.306630,0.042570,0.134236,0.159482,0.193915,0.217638,0.258016
415.00,0.306522,0.042413,0.134061,0.159126,0.192240,0.217910,0.256496
414.50,0.304889,0.041135,0.132160,0.157719,0.191384,0.215634,0.255620
414.00,0.304798,0.039834,0.131419,0.156332,0.190525,0.215267,0.255211
413.50,0.304078,0.039690,0.131645,0.156861,0.191268,0.215815,0.254111
413.00,0.304214,0.039304,0.131602,0.157148,0.190059,0.214554,0.254461
412.50,0.302405,0.037401,0.130671,0.153835,0.190011,0.212785,0.252777
412.00,0.303157,0.038720,0.130298,0.155066,0.189716,0.214254,0.253592
411.50,0.301801,0.035718,0.128917,0.152830,0.187507,0.211651,0.250357
411.00,0.301041,0.036018,0.128676,0.154128,0.187579,0.212355,0.250918
410.50,0.299546,0.035295,0.127283,0.152755,0.186283,0.212175,0.250987
410.00,0.299586,0.035174,0.127401,0.152554,0.187794,0.211128,0.250509
409.50,0.301113,0.034811,0.127763,0.152513,0.186237,0.211234,0.250377
409.00,0.297986,0.034299,0.126235,0.150951,0.185712,0.208873,0.248830
408.50,0.296578,0.032364,0.125593,0.149996,0.184049,0.207959,0.246549
408.00,0.296535,0.032715,0.124514,0.149874,0.183327,0.208566,0.247229
407.50,0.296073,0.033151,0.124649,0.149236,0.183530,0.208358,0.246688
407.00,0.296306,0.032313,0.123938,0.149283,0.182628,0.207491,0.244988
406.50,0.293292,0.032088,0.123079,0.148672,0.181623,0.205625,0.244396
406.00,0.293056,0.030236,0.122447,0.146284,0.180478,0.205349,0.244238
405.50,0.291958,0.029913,0.121588,0.145960,0.179801,0.204625,0.243566
405.00,0.291410,0.030521,0.121849,0.146530,0.180086,0.204634,0.241993
404.50,0.291531,0.029978,0.121147,0.145250,0.179366,0.203518,0.242507
404.00,0.288807,0.029572,0.120105,0.144759,0.178561,0.202184,0.240796
403.50,0.287294,0.028735,0.120406,0.143814,0.176490,0.200900,0.239879
403.00,0.286521,0.028628,0.120176,0.143746,0.176611,0.200784,0.238721
402.50,0.285924,0.029008,0.119067,0.142636,0.174996,0.200145,0.237951
402.00,0.284233,0.027781,0.117896,0.141838,0.175532,0.199156,0.237226
401.50,0.282956,0.027486,0.117557,0.140679,0.174133,0.198545,0.235916
401.00,0.281963,0.027501,0.117272,0.140211,0.174343,0.197081,0.234592
400.50,0.280316,0.026749,0.115973,0.139709,0.172344,0.196176,0.233103
400.00,0.278604,0.025445,0.114194,0.137835,0.170772,0.193930,0.231468
399.50,0.278417,0.025595,0.114395,0.137764,0.169670,0.193492,0.229588
399.00,0.277097,0.025477,0.113762,0.136253,0.169087,0.193723,0.230573
398.50,0.276153,0.025280,0.113540,0.136582,0.167901,0.191606,0.227485
398.00,0.273231,0.024770,0.111630,0.134943,0.167426,0.190898,0.226381
397.50,0.272128,0.025426,0.112101,0.135451,0.168101,0.190499,0.227606
397.00,0.271601,0.025077,0.112326,0.134017,0.166168,0.190202,0.225271
396.50,0.269835,0.024509,0.110970,0.133779,0.164597,0.187870,0.223594
396.00,0.269003,0.024629,0.110434,0.132803,0.165133,0.187198,0.223177
395.50,0.266974,0.023951,0.109307,0.131891,0.162858,0.185935,0.221497
395.00,0.265620,0.024189,0.108462,0.130569,0.162132,0.185138,0.220364
394.50,0.264325,0.024047,0.108990,0.131104,0.162395,0.184343,0.219472
394.00,0.263567,0.023901,0.108049,0.130177,0.161164,0.183481,0.218445
393.50,0.260760,0.023102,0.107018,0.128785,0.159302,0.181616,0.216962
393.00,0.259838,0.023803,0.106104,0.127965,0.159009,0.181366,0.214982
392.50,0.257759,0.023668,0.106357,0.128282,0.157804,0.179604,0.214073
392.00,0.255387,0.022480,0.104870,0.126781,0.156408,0.178072,0.212278
391.50,0.254448,0.022691,0.104388,0.125762,0.154487,0.177815,0.211397
391.00,0.252021,0.023026,0.103499,0.124768,0.154725,0.176430,0.209313
390.50,0.249882,0.022681,0.102896,0.123690,0.153471,0.174817,0.207947
390.00,0.249359,0.022630,0.102607,0.122868,0.152157,0.172532,0.206799
389.50,0.245804,0.022368,0.101541,0.121000,0.151764,0.171758,0.204959
389.00,0.245063,0.022195,0.101694,0.120963,0.151103,0.171378,0.204480
388.50,0.242894,0.021300,0.099940,0.120315,0.148727,0.168460,0.200881
388.00,0.240832,0.022815,0.099692,0.119640,0.147020,0.168356,0.199332
387.50,0.238773,0.021910,0.098989,0.118863,0.145839,0.166854,0.198652
387.00,0.236643,0.022412,0.098624,0.117113,0.145213,0.165640,0.197581
386.50,0.234635,0.021837,0.096810,0.116157,0.145026,0.164009,0.194823
386.00,0.232779,0.021680,0.096339,0.114357,0.142748,0.162774,0.194221
385.50,0.230406,0.022626,0.096908,0.114110,0.142670,0.161847,0.192646
385.00,0.228853,0.021197,0.095635,0.113352,0.140811,0.158982,0.190741
384.50,0.227547,0.022362,0.095833,0.113059,0.140523,0.160759,0.189503
384.00,0.224264,0.021681,0.094099,0.111747,0.139255,0.157034,0.187074
383.50,0.221609,0.020880,0.092709,0.109968,0.137246,0.155457,0.184822
383.00,0.220151,0.021295,0.092112,0.109586,0.136479,0.154415,0.183889
382.50,0.218877,0.021497,0.092879,0.109664,0.136527,0.152597,0.182949
382.00,0.215810,0.020735,0.090202,0.107989,0.133936,0.150842,0.181270
381.50,0.213061,0.021294,0.090695,0.106882,0.133004,0.149768,0.178065
381.00,0.212392,0.021850,0.089733,0.106235,0.131516,0.148630,0.177902
380.50,0.208799,0.021259,0.088306,0.105627,0.129090,0.146732,0.175363
380.00,0.206858,0.021444,0.087941,0.103450,0.129330,0.145805,0.174242
379.50,0.206939,0.023838,0.088309,0.105408,0.129343,0.144951,0.173457
379.00,0.203551,0.021540,0.087207,0.102355,0.126800,0.142395,0.171241
378.50,0.202042,0.022599,0.088004,0.101933,0.126550,0.142296,0.169477
378.00,0.199262,0.022095,0.085869,0.101071,0.124640,0.139968,0.167118
377.50,0.197118,0.022529,0.084129,0.100701,0.123854,0.139160,0.165924
377.00,0.195489,0.023158,0.085071,0.099864,0.123768,0.138477,0.164004
376.50,0.191867,0.021366,0.083121,0.097587,0.121930,0.134863,0.161458
376.00,0.190586,0.022850,0.083274,0.096566,0.120299,0.134419,0.160754
375.50,0.187980,0.021737,0.082413,0.095114,0.116679,0.131848,0.157520
375.00,0.184728,0.021710,0.080446,0.093861,0.115480,0.130251,0.154720
374.50,0.181626,0.021444,0.080597,0.093178,0.115602,0.128502,0.154311
374.00,0.180222,0.021999,0.080595,0.091574,0.114174,0.126465,0.152764
373.50,0.179498,0.023460,0.079974,0.092486,0.114461,0.127144,0.152270
373.00,0.175766,0.023864,0.079259,0.090426,0.112569,0.124428,0.149042
372.50,0.174523,0.023786,0.078564,0.090395,0.111071,0.124131,0.147525
372.00,0.171019,0.024496,0.077399,0.089896,0.110202,0.122253,0.144770
371.50,0.171364,0.025034,0.078514,0.090545,0.110850,0.122245,0.146045
371.00,0.167020,0.024861,0.077969,0.088961,0.108810,0.119468,0.142411
370.50,0.165780,0.025639,0.076823,0.087531,0.109976,0.119901,0.143361
370.00,0.162604,0.025087,0.074382,0.085338,0.105055,0.116377,0.139876
369.50,0.159580,0.025152,0.075242,0.086294,0.105667,0.114958,0.136753
369.00,0.158806,0.026226,0.073301,0.085249,0.104614,0.113152,0.135224
368.50,0.155235,0.026230,0.073938,0.084008,0.103506,0.112133,0.134294
368.00,0.153529,0.025285,0.072602,0.082012,0.101599,0.110551,0.132351
367.50,0.152008,0.027281,0.072121,0.082918,0.101614,0.109340,0.130899
367.00,0.148154,0.026488,0.072552,0.081486,0.100218,0.107676,0.128591
366.50,0.147495,0.027862,0.072754,0.081706,0.099048,0.107948,0.127734
366.00,0.145093,0.027464,0.071530,0.079798,0.097174,0.105040,0.124738
365.50,0.142418,0.028340,0.070114,0.078211,0.096262,0.103695,0.124989
365.00,0.140350,0.027930,0.069549,0.076932,0.095265,0.101263,0.121020
364.50,0.140889,0.029559,0.071456,0.078702,0.095776,0.101496,0.121302
364.00,0.136460,0.029017,0.069681,0.077268,0.094837,0.100718,0.118994
363.50,0.135048,0.031240,0.068489,0.076764,0.092492,0.099262,0.118055
363.00,0.132246,0.030980,0.068926,0.076060,0.091278,0.098013,0.116177
362.50,0.132025,0.031887,0.068949,0.075999,0.091639,0.097128,0.115377
362.00,0.130430,0.033257,0.068439,0.076180,0.090930,0.096254,0.113895
361.50,0.127016,0.032261,0.066614,0.073311,0.089313,0.093686,0.111554
361.00,0.125668,0.033375,0.067052,0.075662,0.088449,0.094437,0.110039
360.50,0.122785,0.032961,0.066630,0.072379,0.086788,0.091898,0.107524
360.00,0.120538,0.033817,0.066988,0.072316,0.087355,0.090817,0.107052
359.50,0.119630,0.034935,0.067550,0.072615,0.086601,0.090308,0.107036
359.00,0.118013,0.034553,0.066822,0.070762,0.084966,0.089072,0.104630
358.50,0.114737,0.034360,0.065342,0.069830,0.082488,0.086643,0.101728
358.00,0.112553,0.036161,0.064897,0.070205,0.083635,0.086307,0.101035
357.50,0.111462,0.036290,0.064257,0.069779,0.080384,0.084438,0.099804
357.00,0.109487,0.036199,0.064398,0.068167,0.080489,0.082754,0.098372
356.50,0.107002,0.035908,0.064723,0.068432,0.080900,0.081631,0.097057
356.00,0.106805,0.037532,0.063930,0.067532,0.078520,0.080746,0.095918
355.50,0.103486,0.038773,0.063188,0.066710,0.078440,0.080116,0.095013
355.00,0.101118,0.038659,0.062660,0.066687,0.077023,0.078720,0.093116
354.50,0.101048,0.039907,0.064211,0.066873,0.078197,0.079128,0.092705
354.00,0.097539,0.038560,0.063785,0.064992,0.076283,0.076592,0.090707
353.50,0.098042,0.040754,0.063223,0.064174,0.075912,0.076409,0.089654
353.00,0.094108,0.038568,0.061774,0.063163,0.073738,0.074811,0.086510
352.50,0.092663,0.040584,0.061572,0.061888,0.075038,0.073286,0.086610
352.00,0.089893,0.039300,0.063073,0.061887,0.074119,0.072038,0.084691
351.50,0.089115,0.040933,0.061575,0.061900,0.072807,0.070657,0.084019
351.00,0.087181,0.041334,0.060820,0.061741,0.071899,0.070582,0.082978
350.50,0.087072,0.043193,0.061568,0.062292,0.071549,0.071622,0.081686
350.00,0.085087,0.041717,0.059150,0.060360,0.071016,0.069268,0.079325